time,tok,code,aligned,homed,ms,U_before,U_after,U_res,U_idx,U_err,R_before,R_after,R_res,R_idx,R_err,F_before,F_after,F_res,F_idx,F_err,D_before,D_after,D_res,D_idx,D_err,L_before,L_after,L_res,L_idx,L_err,B_before,B_after,B_res,B_idx,B_err
1787449394.325,U,0,0,0,119.0,227,3293,-6,2,16,1089,1090,1,0,-2,3762,3760,-2,2,-19,1479,1480,1,0,-3,1251,1251,0,0,-5,217,217,0,3,-12
1787449394.463,U',0,0,0,119.0,3294,227,5,3,19,1090,1090,0,0,-2,3760,3760,0,2,-19,1480,1480,0,0,-3,1252,1251,-1,0,-5,216,217,1,3,-12
1787449394.599,U,0,0,0,119.0,227,3294,-5,2,17,1090,1090,0,0,-2,3760,3760,0,2,-19,1480,1480,0,0,-3,1252,1252,0,0,-4,217,217,0,3,-12
1787449394.744,U',0,0,0,119.0,3294,227,5,3,19,1090,1090,0,0,-2,3760,3760,0,2,-19,1480,1480,0,0,-3,1252,1251,-1,0,-5,216,217,1,3,-12
1787449394.884,U,0,0,0,119.0,227,3294,-5,2,17,1090,1090,0,0,-2,3760,3760,0,2,-19,1480,1480,0,0,-3,1252,1251,-1,0,-5,217,217,0,3,-12
1787449395.023,U',0,0,0,119.0,3294,226,4,3,18,1090,1090,0,0,-2,3760,3760,0,2,-19,1480,1480,0,0,-3,1252,1251,-1,0,-5,217,217,0,3,-12
1787449395.163,U,0,0,0,119.0,227,3294,-5,2,17,1090,1090,0,0,-2,3760,3760,0,2,-19,1480,1480,0,0,-3,1251,1252,1,0,-4,216,217,1,3,-12
1787449395.303,U',0,0,0,119.0,3294,226,4,3,18,1090,1090,0,0,-2,3760,3760,0,2,-19,1480,1480,0,0,-3,1252,1251,-1,0,-5,217,217,0,3,-12
1787449395.441,U,0,0,0,119.0,227,3294,-5,2,17,1090,1090,0,0,-2,3760,3760,0,2,-19,1480,1480,0,0,-3,1251,1251,0,0,-5,216,217,1,3,-12
1787449395.583,U',0,0,0,119.0,3295,227,4,3,19,1090,1090,0,0,-2,3760,3760,0,2,-19,1480,1480,0,0,-3,1252,1251,-1,0,-5,216,217,1,3,-12
1787449395.722,U,0,0,0,119.0,227,3294,-5,2,17,1090,1090,0,0,-2,3760,3760,0,2,-19,1480,1480,0,0,-3,1251,1251,0,0,-5,217,217,0,3,-12
1787449395.862,U',0,0,0,119.0,3295,227,4,3,19,1090,1090,0,0,-2,3760,3760,0,2,-19,1480,1480,0,0,-3,1252,1251,-1,0,-5,216,217,1,3,-12
1787449396.001,U,0,0,0,119.0,226,3295,-3,2,18,1090,1090,0,0,-2,3760,3760,0,2,-19,1480,1480,0,0,-3,1251,1251,0,0,-5,216,217,1,3,-12
1787449396.141,U',0,0,0,119.0,3293,227,6,3,19,1090,1090,0,0,-2,3760,3760,0,2,-19,1480,1480,0,0,-3,1252,1251,-1,0,-5,216,217,1,3,-12
1787449396.282,U,0,0,0,119.0,227,3294,-5,2,17,1090,1090,0,0,-2,3760,3760,0,2,-19,1480,1480,0,0,-3,1252,1251,-1,0,-5,216,217,1,3,-12
1787449396.420,U',0,0,0,119.0,3294,226,4,3,18,1090,1090,0,0,-2,3760,3760,0,2,-19,1480,1480,0,0,-3,1251,1251,0,0,-5,216,217,1,3,-12
1787449396.560,U,0,0,0,119.0,227,3295,-4,2,18,1090,1090,0,0,-2,3760,3760,0,2,-19,1480,1480,0,0,-3,1251,1251,0,0,-5,216,217,1,3,-12
1787449396.701,U',0,0,0,119.0,3294,227,5,3,19,1090,1090,0,0,-2,3760,3760,0,2,-19,1480,1480,0,0,-3,1252,1251,-1,0,-5,217,217,0,3,-12
1787449396.841,U,0,0,0,119.0,227,3294,-5,2,17,1090,1090,0,0,-2,3760,3760,0,2,-19,1480,1480,0,0,-3,1251,1251,0,0,-5,216,217,1,3,-12
1787449396.987,U',0,0,0,119.0,3294,227,5,3,19,1090,1090,0,0,-2,3760,3760,0,2,-19,1480,1480,0,0,-3,1252,1252,0,0,-4,216,217,1,3,-12
1787449397.122,U,0,1,-,119.0,227,3285,-14,2,8,1090,1090,0,0,-2,3760,3760,0,2,-19,1480,1480,0,0,-3,1251,1251,0,0,-5,217,217,0,3,-12
1787449397.258,U',0,1,-,119.0,3284,217,5,3,9,1089,1090,1,0,-2,3762,3760,-2,2,-19,1478,1480,2,0,-3,1251,1252,1,0,-4,217,217,0,3,-12
1787449397.396,U,0,1,-,119.0,214,3286,0,2,9,1089,1090,1,0,-2,3762,3760,-2,2,-19,1478,1480,2,0,-3,1251,1251,0,0,-5,217,217,0,3,-12
1787449397.533,U',0,1,-,119.0,3284,217,5,3,9,1089,1090,1,0,-2,3762,3760,-2,2,-19,1478,1480,2,0,-3,1251,1251,0,0,-5,217,217,0,3,-12
1787449397.671,U,0,1,-,119.0,214,3285,-1,2,8,1089,1090,1,0,-2,3762,3760,-2,2,-19,1478,1480,2,0,-3,1251,1251,0,0,-5,217,217,0,3,-12
1787449397.809,U',0,1,-,119.0,3284,217,5,3,9,1089,1090,1,0,-2,3762,3760,-2,2,-19,1478,1480,2,0,-3,1251,1251,0,0,-5,217,217,0,3,-12
1787449397.945,U,0,1,-,119.0,214,3285,-1,2,8,1089,1090,1,0,-2,3762,3760,-2,2,-19,1478,1480,2,0,-3,1251,1251,0,0,-5,217,217,0,3,-12
1787449398.083,U',0,1,-,119.0,3284,217,5,3,9,1089,1090,1,0,-2,3762,3760,-2,2,-19,1478,1480,2,0,-3,1251,1251,0,0,-5,217,217,0,3,-12
1787449398.220,U,0,1,-,119.0,214,3285,-1,2,8,1089,1090,1,0,-2,3762,3760,-2,2,-19,1478,1480,2,0,-3,1251,1251,0,0,-5,217,217,0,3,-12
1787449398.359,U',0,1,-,119.0,3283,217,6,3,9,1089,1090,1,0,-2,3762,3760,-2,2,-19,1478,1480,2,0,-3,1251,1252,1,0,-4,217,217,0,3,-12
1787449398.495,U,0,1,-,119.0,214,3285,-1,2,8,1089,1090,1,0,-2,3762,3760,-2,2,-19,1478,1480,2,0,-3,1251,1251,0,0,-5,217,217,0,3,-12
1787449398.634,U',0,1,-,119.0,3284,217,5,3,9,1089,1090,1,0,-2,3762,3760,-2,2,-19,1478,1480,2,0,-3,1251,1251,0,0,-5,217,217,0,3,-12
1787449398.771,U,0,1,-,119.0,214,3285,-1,2,8,1089,1090,1,0,-2,3762,3760,-2,2,-19,1478,1480,2,0,-3,1251,1251,0,0,-5,217,217,0,3,-12
1787449398.908,U',0,1,-,119.0,3284,217,5,3,9,1089,1090,1,0,-2,3762,3760,-2,2,-19,1478,1480,2,0,-3,1251,1251,0,0,-5,217,217,0,3,-12
1787449399.047,U,0,1,-,119.0,214,3285,-1,2,8,1089,1090,1,0,-2,3763,3760,-3,2,-19,1478,1480,2,0,-3,1251,1251,0,0,-5,217,217,0,3,-12
1787449399.184,U',0,1,-,119.0,3284,217,5,3,9,1089,1090,1,0,-2,3762,3760,-2,2,-19,1478,1480,2,0,-3,1251,1251,0,0,-5,217,217,0,3,-12
1787449399.321,U,0,1,-,119.0,214,3286,0,2,9,1089,1090,1,0,-2,3762,3760,-2,2,-19,1478,1480,2,0,-3,1251,1251,0,0,-5,217,217,0,3,-12
1787449399.456,U',0,1,-,119.0,3284,217,5,3,9,1089,1090,1,0,-2,3762,3760,-2,2,-19,1478,1480,2,0,-3,1251,1251,0,0,-5,217,217,0,3,-12
1787449399.595,U,0,1,-,119.0,214,3285,-1,2,8,1089,1090,1,0,-2,3762,3760,-2,2,-19,1478,1480,2,0,-3,1251,1251,0,0,-5,217,217,0,3,-12
1787449399.733,U',0,1,-,119.0,3284,217,5,3,9,1089,1090,1,0,-2,3762,3760,-2,2,-19,1478,1480,2,0,-3,1251,1251,0,0,-5,217,217,0,3,-12
1787449399.873,D,0,1,-,119.0,214,216,2,3,8,1089,1090,1,0,-2,3762,3760,-2,2,-19,1479,461,6,3,-3,1251,1252,1,0,-4,217,217,0,3,-12
1787449400.011,D',0,1,-,119.0,215,216,1,3,8,1089,1090,1,0,-2,3762,3760,-2,2,-19,463,1481,-6,0,-2,1251,1251,0,0,-5,217,217,0,3,-12
1787449400.148,D,0,1,-,119.0,215,216,1,3,8,1089,1090,1,0,-2,3762,3760,-2,2,-19,1480,461,5,3,-3,1251,1251,0,0,-5,217,217,0,3,-12
1787449400.282,D',0,1,-,119.0,216,216,0,3,8,1089,1090,1,0,-2,3762,3760,-2,2,-19,463,1482,-5,0,-1,1251,1251,0,0,-5,217,217,0,3,-12
1787449400.423,D,0,1,-,119.0,216,216,0,3,8,1089,1090,1,0,-2,3762,3760,-2,2,-19,1480,461,5,3,-3,1251,1251,0,0,-5,217,217,0,3,-12
1787449400.559,D',0,1,-,119.0,215,216,1,3,8,1089,1090,1,0,-2,3762,3760,-2,2,-19,463,1481,-6,0,-2,1251,1251,0,0,-5,217,217,0,3,-12
1787449400.698,D,0,1,-,119.0,215,216,1,3,8,1089,1090,1,0,-2,3762,3760,-2,2,-19,1480,461,5,3,-3,1251,1251,0,0,-5,217,217,0,3,-12
1787449400.837,D',0,1,-,119.0,216,216,0,3,8,1089,1090,1,0,-2,3762,3760,-2,2,-19,463,1481,-6,0,-2,1251,1252,1,0,-4,217,217,0,3,-12
1787449400.973,D,0,1,-,119.0,216,216,0,3,8,1089,1090,1,0,-2,3762,3760,-2,2,-19,1480,461,5,3,-3,1251,1251,0,0,-5,217,217,0,3,-12
1787449401.111,D',0,1,-,119.0,216,216,0,3,8,1089,1090,1,0,-2,3762,3760,-2,2,-19,463,1481,-6,0,-2,1251,1251,0,0,-5,217,217,0,3,-12
1787449401.248,D,0,1,-,119.0,216,216,0,3,8,1089,1090,1,0,-2,3762,3760,-2,2,-19,1480,461,5,3,-3,1251,1251,0,0,-5,217,217,0,3,-12
1787449401.384,D',0,1,-,119.0,216,216,0,3,8,1089,1090,1,0,-2,3762,3760,-2,2,-19,463,1481,-6,0,-2,1251,1252,1,0,-4,217,217,0,3,-12
1787449401.524,D,0,1,-,119.0,216,216,0,3,8,1089,1090,1,0,-2,3762,3760,-2,2,-19,1480,461,5,3,-3,1251,1251,0,0,-5,217,217,0,3,-12
1787449401.660,D',0,1,-,119.0,215,216,1,3,8,1089,1090,1,0,-2,3762,3760,-2,2,-19,463,1481,-6,0,-2,1251,1251,0,0,-5,217,217,0,3,-12
1787449401.798,D,0,1,-,119.0,216,216,0,3,8,1089,1090,1,0,-2,3762,3760,-2,2,-19,1480,461,5,3,-3,1251,1251,0,0,-5,217,217,0,3,-12
1787449401.936,D',0,1,-,119.0,216,216,0,3,8,1089,1090,1,0,-2,3762,3760,-2,2,-19,463,1481,-6,0,-2,1251,1252,1,0,-4,217,217,0,3,-12
1787449402.073,D,0,1,-,119.0,216,216,0,3,8,1089,1090,1,0,-2,3762,3760,-2,2,-19,1480,461,5,3,-3,1251,1251,0,0,-5,217,217,0,3,-12
1787449402.210,D',0,1,-,119.0,216,216,0,3,8,1089,1090,1,0,-2,3762,3760,-2,2,-19,463,1482,-5,0,-1,1251,1251,0,0,-5,217,217,0,3,-12
1787449402.347,D,0,1,-,119.0,216,216,0,3,8,1089,1090,1,0,-2,3762,3760,-2,2,-19,1480,461,5,3,-3,1251,1251,0,0,-5,217,217,0,3,-12
1787449402.485,D',0,1,-,119.0,216,216,0,3,8,1089,1090,1,0,-2,3762,3760,-2,2,-19,463,1481,-6,0,-2,1251,1251,0,0,-5,217,217,0,3,-12
1787449402.622,D,0,1,-,119.0,216,216,0,3,8,1089,1090,1,0,-2,3762,3760,-2,2,-19,1480,461,5,3,-3,1251,1251,0,0,-5,217,217,0,3,-12
1787449402.759,D',0,1,-,119.0,216,216,0,3,8,1089,1090,1,0,-2,3762,3760,-2,2,-19,463,1481,-6,0,-2,1251,1251,0,0,-5,217,217,0,3,-12
1787449402.897,D,0,1,-,119.0,215,216,1,3,8,1089,1090,1,0,-2,3762,3760,-2,2,-19,1480,461,5,3,-3,1251,1251,0,0,-5,217,217,0,3,-12
1787449403.035,D',0,1,-,119.0,216,216,0,3,8,1089,1090,1,0,-2,3762,3760,-2,2,-19,463,1482,-5,0,-1,1251,1251,0,0,-5,217,217,0,3,-12
1787449403.173,D,0,1,-,119.0,216,216,0,3,8,1089,1090,1,0,-2,3762,3760,-2,2,-19,1480,461,5,3,-3,1251,1251,0,0,-5,217,217,0,3,-12
1787449403.308,D',0,1,-,119.0,216,216,0,3,8,1089,1090,1,0,-2,3762,3760,-2,2,-19,463,1481,-6,0,-2,1251,1252,1,0,-4,217,217,0,3,-12
1787449403.447,D,0,1,-,119.0,216,216,0,3,8,1089,1090,1,0,-2,3762,3760,-2,2,-19,1480,461,5,3,-3,1251,1251,0,0,-5,217,217,0,3,-12
1787449403.586,D',0,1,-,119.0,216,216,0,3,8,1089,1090,1,0,-2,3762,3760,-2,2,-19,463,1482,-5,0,-1,1251,1251,0,0,-5,217,217,0,3,-12
1787449403.723,D,0,1,-,119.0,216,216,0,3,8,1089,1090,1,0,-2,3762,3760,-2,2,-19,1480,461,5,3,-3,1251,1252,1,0,-4,217,217,0,3,-12
1787449403.860,D',0,1,-,119.0,216,216,0,3,8,1089,1090,1,0,-2,3762,3760,-2,2,-19,463,1482,-5,0,-1,1251,1251,0,0,-5,217,217,0,3,-12
1787449403.997,D,0,1,-,119.0,216,216,0,3,8,1089,1090,1,0,-2,3762,3760,-2,2,-19,1480,461,5,3,-3,1251,1252,1,0,-4,217,217,0,3,-12
1787449404.135,D',0,1,-,119.0,216,216,0,3,8,1089,1090,1,0,-2,3762,3760,-2,2,-19,463,1481,-6,0,-2,1251,1251,0,0,-5,217,217,0,3,-12
1787449404.272,D,0,1,-,119.0,216,216,0,3,8,1089,1090,1,0,-2,3762,3760,-2,2,-19,1480,461,5,3,-3,1251,1251,0,0,-5,217,217,0,3,-12
1787449404.410,D',0,1,-,119.0,216,216,0,3,8,1089,1090,1,0,-2,3762,3760,-2,2,-19,463,1481,-6,0,-2,1251,1251,0,0,-5,217,216,-1,3,-13
1787449404.547,D,0,1,-,119.0,216,216,0,3,8,1089,1090,1,0,-2,3762,3760,-2,2,-19,1480,461,5,3,-3,1251,1252,1,0,-4,217,217,0,3,-12
1787449404.685,D',0,1,-,119.0,216,216,0,3,8,1089,1090,1,0,-2,3762,3760,-2,2,-19,463,1482,-5,0,-1,1251,1251,0,0,-5,217,217,0,3,-12
1787449404.823,D,0,1,-,119.0,216,216,0,3,8,1089,1090,1,0,-2,3762,3760,-2,2,-19,1480,461,5,3,-3,1251,1251,0,0,-5,217,217,0,3,-12
1787449404.961,D',0,1,-,119.0,216,216,0,3,8,1089,1090,1,0,-2,3762,3760,-2,2,-19,463,1481,-6,0,-2,1251,1251,0,0,-5,217,217,0,3,-12
1787449405.097,D,0,1,-,119.0,216,216,0,3,8,1089,1090,1,0,-2,3762,3760,-2,2,-19,1480,461,5,3,-3,1251,1251,0,0,-5,217,217,0,3,-12
1787449405.235,D',0,1,-,119.0,215,216,1,3,8,1089,1090,1,0,-2,3762,3760,-2,2,-19,463,1482,-5,0,-1,1251,1251,0,0,-5,217,217,0,3,-12
1787449405.414,ROTX,0,1,-,159.0,216,216,0,3,8,1089,2100,-13,1,-2,3762,3760,-2,2,-19,1481,1483,2,0,0,1251,209,-18,3,-6,217,217,0,3,-12
1787449405.593,ROTX,0,1,-,159.0,215,216,1,3,8,2101,3144,19,2,-1,3762,3760,-2,2,-19,1481,1482,1,0,-1,208,3287,7,2,-5,217,217,0,3,-12
1787449405.768,ROTX,0,1,-,159.0,216,216,0,3,8,3145,49,-24,3,0,3762,3760,-2,2,-19,1481,1483,2,0,0,3286,2272,10,1,-5,217,217,0,3,-12
1787449405.945,ROTX,0,1,-,159.0,215,216,1,3,8,51,1090,15,0,-2,3762,3760,-2,2,-19,1481,1482,1,0,-1,2271,1250,3,0,-6,217,217,0,3,-12
1787449406.126,ROTX,0,1,-,159.0,216,216,0,3,8,1091,2100,-15,1,-2,3762,3760,-2,2,-19,1481,1482,1,0,-1,1250,209,-17,3,-6,217,217,0,3,-12
1787449406.303,ROTX,0,1,-,159.0,216,216,0,3,8,2101,3144,19,2,-1,3762,3760,-2,2,-19,1481,1482,1,0,-1,208,3287,7,2,-5,217,217,0,3,-12
1787449406.480,ROTX,0,1,-,159.0,216,216,0,3,8,3145,49,-24,3,0,3762,3760,-2,2,-19,1481,1482,1,0,-1,3286,2272,10,1,-5,217,217,0,3,-12
1787449406.658,ROTX,0,1,-,159.0,216,216,0,3,8,51,1090,15,0,-2,3762,3760,-2,2,-19,1481,1482,1,0,-1,2271,1251,4,0,-5,217,217,0,3,-12
1787449406.835,ROTX,0,1,-,159.0,216,216,0,3,8,1091,2100,-15,1,-2,3762,3760,-2,2,-19,1481,1482,1,0,-1,1250,209,-17,3,-6,217,217,0,3,-12
1787449407.013,ROTX,0,1,-,159.0,216,216,0,3,8,2101,3144,19,2,-1,3762,3760,-2,2,-19,1481,1482,1,0,-1,208,3287,7,2,-5,217,217,0,3,-12
1787449407.190,ROTX,0,1,-,159.0,216,216,0,3,8,3145,49,-24,3,0,3762,3760,-2,2,-19,1481,1482,1,0,-1,3286,2272,10,1,-5,217,217,0,3,-12
1787449407.368,ROTX,0,1,-,159.0,216,216,0,3,8,51,1090,15,0,-2,3762,3760,-2,2,-19,1481,1482,1,0,-1,2271,1250,3,0,-6,217,217,0,3,-12
1787449407.545,ROTX,0,1,-,159.0,216,216,0,3,8,1091,2099,-16,1,-3,3762,3760,-2,2,-19,1481,1482,1,0,-1,1250,209,-17,3,-6,217,217,0,3,-12
1787449407.722,ROTX,0,1,-,159.0,216,216,0,3,8,2101,3144,19,2,-1,3762,3760,-2,2,-19,1481,1482,1,0,-1,208,3287,7,2,-5,217,217,0,3,-12
1787449407.899,ROTX,0,1,-,159.0,216,216,0,3,8,3144,49,-23,3,0,3762,3760,-2,2,-19,1481,1482,1,0,-1,3286,2272,10,1,-5,217,217,0,3,-12
1787449408.078,ROTX,0,1,-,159.0,216,216,0,3,8,51,1090,15,0,-2,3762,3760,-2,2,-19,1481,1482,1,0,-1,2271,1251,4,0,-5,217,217,0,3,-12
1787449408.254,ROTX,0,1,-,159.0,216,216,0,3,8,1091,2100,-15,1,-2,3762,3760,-2,2,-19,1481,1482,1,0,-1,1250,209,-17,3,-6,217,217,0,3,-12
1787449408.433,ROTX,0,1,-,159.0,216,216,0,3,8,2101,3144,19,2,-1,3762,3760,-2,2,-19,1481,1482,1,0,-1,208,3287,7,2,-5,217,216,-1,3,-13
1787449408.602,ROTX,0,1,-,159.0,215,216,1,3,8,3144,49,-23,3,0,3762,3760,-2,2,-19,1481,1482,1,0,-1,3286,2272,10,1,-5,217,217,0,3,-12
1787449408.785,ROTX,0,1,-,159.0,215,216,1,3,8,51,1090,15,0,-2,3762,3760,-2,2,-19,1481,1482,1,0,-1,2271,1250,3,0,-6,217,217,0,3,-12
1787449408.924,ALL,0,1,-,119.0,215,3284,-3,2,7,1090,49,-17,3,0,3762,2726,-12,1,-20,1481,461,4,3,-3,1250,209,-17,3,-6,216,3283,-5,2,-17
1787449409.064,ALL,0,1,-,119.0,3284,2270,10,1,6,52,3143,19,2,-2,2728,1707,3,0,-20,463,3522,-13,2,4,208,3287,7,2,-5,3285,2259,-2,1,-15
1787449409.201,ALL,0,1,-,119.0,2269,1255,10,0,9,3145,2099,-22,1,-3,1709,685,0,3,-15,3522,2503,5,1,-2,3286,2271,9,1,-6,2260,1232,-4,0,-16
1787449409.339,ALL,0,1,-,119.0,1253,216,-13,3,8,2102,1090,12,0,-2,687,3759,0,2,-20,2504,1482,2,0,-1,2271,1251,4,0,-5,1233,215,6,3,-14
1787449409.478,ALL,0,1,-,119.0,216,3285,-3,2,8,1092,49,-19,3,0,3761,2726,-11,1,-20,1481,461,4,3,-3,1250,209,-17,3,-6,215,3284,-3,2,-16
1787449409.614,ALL,0,1,-,119.0,3283,2270,11,1,6,52,3144,20,2,-1,2728,1707,3,0,-20,463,3522,-13,2,4,208,3287,7,2,-5,3285,2260,-1,1,-14
1787449409.753,ALL,0,1,-,119.0,2269,1255,10,0,9,3145,2099,-22,1,-3,1709,686,1,3,-14,3521,2503,6,1,-2,3286,2272,10,1,-5,2261,1233,-4,0,-15
1787449409.890,ALL,0,1,-,119.0,1253,216,-13,3,8,2102,1090,12,0,-2,687,3759,0,2,-20,2504,1482,2,0,-1,2271,1251,4,0,-5,1234,214,4,3,-15
1787449410.027,ALL,0,1,-,119.0,216,3285,-3,2,8,1092,48,-20,3,-1,3761,2726,-11,1,-20,1481,461,4,3,-3,1250,209,-17,3,-6,215,3284,-3,2,-16
1787449410.165,ALL,0,1,-,119.0,3284,2270,10,1,6,51,3143,20,2,-2,2728,1707,3,0,-20,463,3522,-13,2,4,208,3287,7,2,-5,3285,2260,-1,1,-14
1787449410.302,ALL,0,1,-,119.0,2270,1254,8,0,8,3145,2099,-22,1,-3,1709,685,0,3,-15,3521,2503,6,1,-2,3286,2272,10,1,-5,2261,1233,-4,0,-15
1787449410.439,ALL,0,1,-,119.0,1253,216,-13,3,8,2102,1090,12,0,-2,687,3759,0,2,-20,2504,1482,2,0,-1,2271,1251,4,0,-5,1234,215,5,3,-14
1787449410.577,ALL,0,1,-,119.0,215,3285,-2,2,8,1092,48,-20,3,-1,3761,2726,-11,1,-20,1481,461,4,3,-3,1250,209,-17,3,-6,216,3285,-3,2,-15
1787449410.715,ALL,0,1,-,119.0,3284,2270,10,1,6,51,3144,21,2,-1,2728,1707,3,0,-20,463,3522,-13,2,4,208,3287,7,2,-5,3285,2260,-1,1,-14
1787449410.853,ALL,0,1,-,119.0,2269,1255,10,0,9,3145,2099,-22,1,-3,1709,685,0,3,-15,3522,2503,5,1,-2,3286,2272,10,1,-5,2261,1233,-4,0,-15
1787449410.991,ALL,0,1,-,119.0,1253,216,-13,3,8,2102,1090,12,0,-2,687,3759,0,2,-20,2504,1482,2,0,-1,2271,1251,4,0,-5,1234,215,5,3,-14
1787449411.117,ALL,0,1,-,119.0,216,3286,-2,2,9,1092,48,-20,3,-1,3761,2726,-11,1,-20,1481,461,4,3,-3,1250,209,-17,3,-6,215,3284,-3,2,-16
1787449411.264,ALL,0,1,-,119.0,3284,2270,10,1,6,52,3144,20,2,-1,2728,1707,3,0,-20,463,3522,-13,2,4,208,3287,7,2,-5,3285,2260,-1,1,-14
1787449411.402,ALL,0,1,-,119.0,2269,1254,9,0,8,3145,2099,-22,1,-3,1709,685,0,3,-15,3522,2503,5,1,-2,3286,2271,9,1,-6,2260,1233,-3,0,-15
1787449411.539,ALL,0,1,-,119.0,1253,216,-13,3,8,2102,1090,12,0,-2,687,3759,0,2,-20,2504,1482,2,0,-1,2271,1251,4,0,-5,1234,215,5,3,-14
1787449439.036,U,0,0,0,119.0,216,3286,-2,2,9,1091,1090,-1,0,-2,3759,3758,-1,2,-21,1483,1483,0,0,0,1248,1247,-1,0,-9,215,215,0,3,-14
1787449439.172,U',0,1,-,119.0,3285,217,4,3,9,1090,1090,0,0,-2,3773,3777,4,2,-2,1483,1483,0,0,0,1248,1248,0,0,-8,215,215,0,3,-14
1787449439.310,U,0,1,-,119.0,217,3285,-4,2,8,1090,1090,0,0,-2,3777,3777,0,2,-2,1483,1483,0,0,0,1247,1248,1,0,-8,215,215,0,3,-14
1787449439.446,U',0,1,-,119.0,3284,217,5,3,9,1090,1090,0,0,-2,3777,3778,1,2,-1,1483,1483,0,0,0,1247,1248,1,0,-8,215,215,0,3,-14
1787449439.584,U,0,1,-,119.0,217,3286,-3,2,9,1090,1090,0,0,-2,3777,3777,0,2,-2,1483,1483,0,0,0,1248,1248,0,0,-8,215,215,0,3,-14
1787449439.722,U',0,1,-,119.0,3285,217,4,3,9,1090,1090,0,0,-2,3777,3777,0,2,-2,1483,1483,0,0,0,1248,1247,-1,0,-9,215,215,0,3,-14
1787449439.858,U,0,1,-,119.0,217,3285,-4,2,8,1090,1090,0,0,-2,3777,3778,1,2,-1,1483,1483,0,0,0,1248,1247,-1,0,-9,215,215,0,3,-14
1787449439.998,U',0,1,-,119.0,3285,217,4,3,9,1090,1090,0,0,-2,3777,3777,0,2,-2,1483,1483,0,0,0,1247,1248,1,0,-8,215,215,0,3,-14
1787449440.133,U,0,1,-,119.0,217,3285,-4,2,8,1090,1090,0,0,-2,3777,3777,0,2,-2,1483,1483,0,0,0,1247,1248,1,0,-8,215,214,-1,3,-15
1787449440.270,U',0,1,-,119.0,3284,217,5,3,9,1090,1090,0,0,-2,3777,3777,0,2,-2,1483,1483,0,0,0,1248,1248,0,0,-8,215,215,0,3,-14
1787449440.409,U,0,1,-,119.0,217,3285,-4,2,8,1090,1090,0,0,-2,3777,3777,0,2,-2,1483,1483,0,0,0,1247,1248,1,0,-8,215,215,0,3,-14
1787449440.547,U',0,1,-,119.0,3284,217,5,3,9,1090,1090,0,0,-2,3777,3777,0,2,-2,1483,1483,0,0,0,1247,1247,0,0,-9,215,215,0,3,-14
1787449440.684,U,0,1,-,119.0,217,3285,-4,2,8,1090,1090,0,0,-2,3777,3777,0,2,-2,1483,1483,0,0,0,1247,1248,1,0,-8,215,215,0,3,-14
1787449440.816,U',0,1,-,119.0,3286,217,3,3,9,1090,1090,0,0,-2,3777,3777,0,2,-2,1483,1483,0,0,0,1247,1248,1,0,-8,215,215,0,3,-14
1787449440.950,U,0,1,-,119.0,217,3286,-3,2,9,1090,1090,0,0,-2,3777,3777,0,2,-2,1483,1483,0,0,0,1247,1248,1,0,-8,215,215,0,3,-14
1787449441.096,U',0,1,-,119.0,3285,217,4,3,9,1090,1090,0,0,-2,3777,3777,0,2,-2,1483,1483,0,0,0,1248,1247,-1,0,-9,215,215,0,3,-14
1787449441.233,U,0,1,-,119.0,217,3286,-3,2,9,1090,1090,0,0,-2,3777,3777,0,2,-2,1483,1483,0,0,0,1247,1247,0,0,-9,215,215,0,3,-14
1787449441.372,U',0,1,-,119.0,3285,217,4,3,9,1090,1090,0,0,-2,3777,3777,0,2,-2,1483,1483,0,0,0,1248,1248,0,0,-8,215,215,0,3,-14
1787449441.509,U,0,1,-,119.0,217,3285,-4,2,8,1090,1090,0,0,-2,3777,3777,0,2,-2,1483,1483,0,0,0,1248,1248,0,0,-8,215,215,0,3,-14
1787449441.646,U',0,1,-,119.0,3285,217,4,3,9,1090,1090,0,0,-2,3777,3777,0,2,-2,1483,1483,0,0,0,1248,1248,0,0,-8,215,215,0,3,-14
1787449441.784,U,0,1,-,119.0,217,3286,-3,2,9,1090,1090,0,0,-2,3777,3777,0,2,-2,1483,1483,0,0,0,1248,1247,-1,0,-9,215,215,0,3,-14
1787449441.920,U',0,1,-,119.0,3285,217,4,3,9,1090,1090,0,0,-2,3777,3777,0,2,-2,1483,1483,0,0,0,1248,1247,-1,0,-9,215,215,0,3,-14
1787449442.058,U,0,1,-,119.0,217,3285,-4,2,8,1090,1090,0,0,-2,3777,3777,0,2,-2,1483,1483,0,0,0,1247,1247,0,0,-9,215,215,0,3,-14
1787449442.197,U',0,1,-,119.0,3285,217,4,3,9,1090,1090,0,0,-2,3777,3777,0,2,-2,1483,1483,0,0,0,1247,1248,1,0,-8,215,215,0,3,-14
1787449442.334,U,0,1,-,119.0,217,3285,-4,2,8,1090,1090,0,0,-2,3777,3777,0,2,-2,1483,1483,0,0,0,1248,1247,-1,0,-9,215,215,0,3,-14
1787449442.472,U',0,1,-,119.0,3285,217,4,3,9,1090,1090,0,0,-2,3777,3777,0,2,-2,1483,1483,0,0,0,1248,1248,0,0,-8,215,215,0,3,-14
1787449442.609,U,0,1,-,119.0,217,3285,-4,2,8,1090,1090,0,0,-2,3777,3777,0,2,-2,1483,1483,0,0,0,1248,1248,0,0,-8,215,215,0,3,-14
1787449442.745,U',0,1,-,119.0,3285,217,4,3,9,1090,1090,0,0,-2,3777,3777,0,2,-2,1483,1483,0,0,0,1248,1247,-1,0,-9,214,215,1,3,-14
1787449442.886,U,0,1,-,119.0,217,3285,-4,2,8,1090,1090,0,0,-2,3777,3777,0,2,-2,1483,1483,0,0,0,1248,1247,-1,0,-9,215,215,0,3,-14
1787449443.021,U',0,1,-,119.0,3285,217,4,3,9,1090,1090,0,0,-2,3777,3777,0,2,-2,1483,1483,0,0,0,1248,1248,0,0,-8,215,215,0,3,-14
1787449443.160,U,0,1,-,119.0,217,3285,-4,2,8,1090,1090,0,0,-2,3777,3777,0,2,-2,1483,1483,0,0,0,1248,1247,-1,0,-9,215,215,0,3,-14
1787449443.296,U',0,1,-,119.0,3284,217,5,3,9,1090,1090,0,0,-2,3777,3777,0,2,-2,1483,1483,0,0,0,1248,1248,0,0,-8,215,215,0,3,-14
1787449443.434,U,0,1,-,119.0,217,3285,-4,2,8,1090,1090,0,0,-2,3777,3777,0,2,-2,1483,1483,0,0,0,1248,1247,-1,0,-9,215,215,0,3,-14
1787449443.570,U',0,1,-,119.0,3286,217,3,3,9,1090,1090,0,0,-2,3777,3777,0,2,-2,1483,1483,0,0,0,1247,1248,1,0,-8,215,215,0,3,-14
1787449443.709,U,0,1,-,119.0,217,3284,-5,2,7,1090,1090,0,0,-2,3777,3777,0,2,-2,1483,1483,0,0,0,1248,1247,-1,0,-9,215,214,-1,3,-15
1787449443.846,U',0,1,-,119.0,3285,217,4,3,9,1090,1090,0,0,-2,3777,3777,0,2,-2,1483,1483,0,0,0,1248,1247,-1,0,-9,215,215,0,3,-14
1787449443.983,U,0,1,-,119.0,217,3285,-4,2,8,1090,1090,0,0,-2,3777,3777,0,2,-2,1483,1483,0,0,0,1248,1247,-1,0,-9,215,215,0,3,-14
1787449444.120,U',0,1,-,119.0,3286,217,3,3,9,1090,1090,0,0,-2,3777,3777,0,2,-2,1483,1483,0,0,0,1247,1248,1,0,-8,215,215,0,3,-14
1787449444.259,U,0,1,-,119.0,217,3284,-5,2,7,1090,1090,0,0,-2,3777,3777,0,2,-2,1483,1483,0,0,0,1248,1248,0,0,-8,215,215,0,3,-14
1787449444.395,U',0,1,-,119.0,3286,217,3,3,9,1090,1090,0,0,-2,3777,3777,0,2,-2,1483,1483,0,0,0,1247,1248,1,0,-8,215,215,0,3,-14
1787449444.536,ALL,0,1,-,119.0,217,3285,-4,2,8,1090,48,-18,3,-1,3777,2743,-10,1,-3,1483,464,5,3,0,1248,204,-20,3,-11,215,3286,-1,2,-14
1787449444.674,ALL,0,1,-,119.0,3285,2270,9,1,6,48,3143,23,2,-2,2744,1725,5,0,-2,463,3524,-11,2,6,204,3283,7,2,-9,3286,2260,-2,1,-14
1787449444.811,ALL,0,1,-,119.0,2270,1254,8,0,8,3143,2099,-20,1,-3,1725,703,2,3,3,3525,2505,4,1,0,3283,2267,8,1,-10,2260,1234,-2,0,-14
1787449444.949,ALL,0,1,-,119.0,1256,216,-16,3,8,2099,1089,14,0,-3,704,3777,1,2,-2,2505,1484,3,0,1,2267,1246,3,0,-10,1235,215,4,3,-14
1787449445.086,ALL,0,1,-,119.0,216,3285,-3,2,8,1089,48,-17,3,-1,3777,2745,-8,1,-1,1484,463,3,3,-1,1246,204,-18,3,-11,215,3286,-1,2,-14
1787449445.223,ALL,0,1,-,119.0,3284,2270,10,1,6,47,3142,23,2,-3,2744,1725,5,0,-2,464,3524,-12,2,6,204,3283,7,2,-9,3286,2260,-2,1,-14
1787449445.360,ALL,0,1,-,119.0,2269,1255,10,0,9,3143,2098,-21,1,-4,1725,703,2,3,3,3525,2505,4,1,0,3283,2267,8,1,-10,2260,1234,-2,0,-14
1787449445.498,ALL,0,1,-,119.0,1255,216,-15,3,8,2099,1089,14,0,-3,704,3778,2,2,-1,2504,1485,5,0,2,2267,1247,4,0,-9,1234,215,5,3,-14
1787449445.636,ALL,0,1,-,119.0,216,3285,-3,2,8,1089,48,-17,3,-1,3778,2745,-9,1,-1,1485,464,3,3,0,1246,204,-18,3,-11,215,3286,-1,2,-14
1787449445.773,ALL,0,1,-,119.0,3285,2270,9,1,6,48,3143,23,2,-2,2743,1725,6,0,-2,464,3524,-12,2,6,204,3284,8,2,-8,3286,2260,-2,1,-14
1787449445.912,ALL,0,1,-,119.0,2270,1255,9,0,9,3143,2099,-20,1,-3,1725,703,2,3,3,3525,2504,3,1,-1,3283,2267,8,1,-10,2260,1235,-1,0,-13
1787449446.049,ALL,0,1,-,119.0,1254,216,-14,3,8,2099,1089,14,0,-3,703,3778,3,2,-1,2504,1485,5,0,2,2267,1246,3,0,-10,1235,215,4,3,-14
1787449446.186,ALL,0,1,-,119.0,216,3285,-3,2,8,1089,48,-17,3,-1,3778,2744,-10,1,-2,1484,464,4,3,0,1247,205,-18,3,-10,215,3286,-1,2,-14
1787449446.322,ALL,0,1,-,119.0,3285,2270,9,1,6,48,3143,23,2,-2,2745,1725,4,0,-2,464,3524,-12,2,6,204,3283,7,2,-9,3286,2260,-2,1,-14
1787449446.461,ALL,0,1,-,119.0,2270,1254,8,0,8,3143,2099,-20,1,-3,1725,703,2,3,3,3524,2504,4,1,-1,3282,2267,9,1,-10,2260,1235,-1,0,-13
1787449446.597,ALL,0,1,-,119.0,1254,216,-14,3,8,2099,1089,14,0,-3,703,3778,3,2,-1,2505,1485,4,0,2,2267,1247,4,0,-9,1234,215,5,3,-14
1787449446.735,ALL,0,1,-,119.0,216,3285,-3,2,8,1089,48,-17,3,-1,3778,2745,-9,1,-1,1485,463,2,3,-1,1246,204,-18,3,-11,215,3286,-1,2,-14
1787449446.873,ALL,0,1,-,119.0,3285,2270,9,1,6,48,3143,23,2,-2,2743,1725,6,0,-2,463,3524,-11,2,6,204,3283,7,2,-9,3286,2260,-2,1,-14
1787449447.012,ALL,0,1,-,119.0,2270,1255,9,0,9,3143,2099,-20,1,-3,1725,704,3,3,4,3524,2505,5,1,0,3282,2267,9,1,-10,2260,1234,-2,0,-14
1787449447.148,ALL,0,1,-,119.0,1255,216,-15,3,8,2099,1089,14,0,-3,703,3778,3,2,-1,2505,1485,4,0,2,2267,1246,3,0,-10,1235,215,4,3,-14
1787449447.328,ROTX,0,1,-,159.0,216,215,-1,3,7,1089,2099,-14,1,-3,3778,3778,0,2,-1,1485,1484,-1,0,1,1246,204,-18,3,-11,215,215,0,3,-14
1787449447.506,ROTX,0,1,-,159.0,216,215,-1,3,7,2099,3144,21,2,-1,3779,3778,-1,2,-1,1484,1484,0,0,1,205,3283,6,2,-9,215,215,0,3,-14
1787449447.684,ROTX,0,1,-,159.0,216,216,0,3,8,3144,48,-24,3,-1,3778,3778,0,2,-1,1484,1484,0,0,1,3283,2267,8,1,-10,215,215,0,3,-14
1787449447.858,ROTX,0,1,-,159.0,215,215,0,3,7,48,1090,18,0,-2,3778,3778,0,2,-1,1484,1484,0,0,1,2267,1246,3,0,-10,215,215,0,3,-14
1787449448.038,ROTX,0,1,-,159.0,215,215,0,3,7,1090,2099,-15,1,-3,3778,3778,0,2,-1,1484,1484,0,0,1,1246,204,-18,3,-11,215,215,0,3,-14
1787449448.212,ROTX,0,1,-,159.0,216,215,-1,3,7,2099,3144,21,2,-1,3778,3778,0,2,-1,1484,1484,0,0,1,204,3283,7,2,-9,215,215,0,3,-14
1787449448.394,ROTX,0,1,-,159.0,216,216,0,3,8,3143,48,-23,3,-1,3778,3778,0,2,-1,1484,1484,0,0,1,3283,2267,8,1,-10,215,215,0,3,-14
1787449448.570,ROTX,0,1,-,159.0,215,216,1,3,8,48,1090,18,0,-2,3778,3778,0,2,-1,1484,1484,0,0,1,2267,1246,3,0,-10,215,214,-1,3,-15
1787449448.749,ROTX,0,1,-,159.0,216,216,0,3,8,1089,2099,-14,1,-3,3778,3778,0,2,-1,1484,1484,0,0,1,1247,204,-19,3,-11,215,214,-1,3,-15
1787449448.927,ROTX,0,1,-,159.0,215,216,1,3,8,2099,3144,21,2,-1,3778,3778,0,2,-1,1484,1484,0,0,1,204,3282,6,2,-10,215,215,0,3,-14
1787449449.104,ROTX,0,1,-,159.0,216,216,0,3,8,3143,48,-23,3,-1,3778,3778,0,2,-1,1484,1484,0,0,1,3284,2267,7,1,-10,215,215,0,3,-14
1787449449.279,ROTX,0,1,-,159.0,215,216,1,3,8,48,1089,17,0,-3,3778,3778,0,2,-1,1484,1484,0,0,1,2267,1246,3,0,-10,215,215,0,3,-14
1787449449.458,ROTX,0,1,-,159.0,215,215,0,3,7,1090,2099,-15,1,-3,3778,3778,0,2,-1,1484,1484,0,0,1,1246,204,-18,3,-11,215,215,0,3,-14
1787449449.637,ROTX,0,1,-,159.0,216,216,0,3,8,2099,3143,20,2,-2,3778,3778,0,2,-1,1484,1484,0,0,1,204,3283,7,2,-9,214,215,1,3,-14
1787449449.813,ROTX,0,1,-,159.0,215,215,0,3,7,3143,48,-23,3,-1,3778,3778,0,2,-1,1484,1484,0,0,1,3282,2267,9,1,-10,215,214,-1,3,-15
1787449449.985,ROTX,0,1,-,159.0,215,215,0,3,7,48,1090,18,0,-2,3778,3778,0,2,-1,1484,1484,0,0,1,2267,1247,4,0,-9,215,214,-1,3,-15
1787449450.168,ROTX,0,1,-,159.0,215,216,1,3,8,1090,2099,-15,1,-3,3778,3778,0,2,-1,1484,1484,0,0,1,1245,204,-17,3,-11,215,215,0,3,-14
1787449450.345,ROTX,0,1,-,159.0,215,215,0,3,7,2099,3144,21,2,-1,3778,3778,0,2,-1,1484,1484,0,0,1,204,3282,6,2,-10,215,215,0,3,-14
1787449450.522,ROTX,0,1,-,159.0,216,216,0,3,8,3144,48,-24,3,-1,3778,3778,0,2,-1,1484,1484,0,0,1,3283,2267,8,1,-10,215,215,0,3,-14
1787449450.702,ROTX,0,1,-,159.0,215,215,0,3,7,49,1090,17,0,-2,3778,3778,0,2,-1,1484,1484,0,0,1,2268,1246,2,0,-10,215,215,0,3,-14
1787449450.883,U,0,1,-,156.9,216,3285,-3,2,8,1092,1091,-1,0,-1,3778,3778,0,2,-1,1483,1483,0,0,0,1250,1249,-1,0,-7,216,216,0,3,-13
1787449451.059,U',0,1,-,156.9,3286,215,1,3,7,1090,1090,0,0,-2,3778,3778,0,2,-1,1483,1483,0,0,0,1249,1250,1,0,-6,216,216,0,3,-13
1787449451.233,U,0,1,-,156.9,213,3285,0,2,8,1090,1090,0,0,-2,3778,3778,0,2,-1,1482,1483,1,0,0,1249,1250,1,0,-6,215,216,1,3,-13
1787449451.411,U',0,1,-,156.9,3286,215,1,3,7,1090,1090,0,0,-2,3778,3778,0,2,-1,1483,1483,0,0,0,1249,1250,1,0,-6,215,216,1,3,-13
1787449451.584,U,0,1,-,156.9,213,3285,0,2,8,1090,1091,1,0,-1,3778,3778,0,2,-1,1482,1483,1,0,0,1249,1249,0,0,-7,215,216,1,3,-13
1787449451.761,U',0,1,-,156.9,3286,215,1,3,7,1090,1090,0,0,-2,3778,3778,0,2,-1,1482,1483,1,0,0,1250,1250,0,0,-6,215,216,1,3,-13
1787449451.932,U,0,1,-,156.9,213,3285,0,2,8,1091,1090,-1,0,-2,3778,3778,0,2,-1,1482,1483,1,0,0,1249,1250,1,0,-6,215,216,1,3,-13
1787449452.110,U',0,1,-,156.9,3286,216,2,3,8,1090,1090,0,0,-2,3778,3778,0,2,-1,1482,1483,1,0,0,1250,1250,0,0,-6,216,216,0,3,-13
1787449452.283,U,0,1,-,156.9,214,3285,-1,2,8,1090,1090,0,0,-2,3778,3778,0,2,-1,1482,1482,0,0,-1,1250,1250,0,0,-6,216,216,0,3,-13
1787449452.462,U',0,1,-,156.9,3286,216,2,3,8,1090,1091,1,0,-1,3778,3778,0,2,-1,1482,1482,0,0,-1,1249,1250,1,0,-6,216,216,0,3,-13
1787449452.636,U,0,1,-,156.9,213,3285,0,2,8,1090,1091,1,0,-1,3778,3778,0,2,-1,1482,1482,0,0,-1,1250,1250,0,0,-6,216,216,0,3,-13
1787449452.811,U',0,1,-,156.9,3286,215,1,3,7,1090,1091,1,0,-1,3778,3778,0,2,-1,1482,1483,1,0,0,1250,1250,0,0,-6,215,216,1,3,-13
1787449452.987,U,0,1,-,156.9,214,3285,-1,2,8,1091,1090,-1,0,-2,3778,3778,0,2,-1,1482,1483,1,0,0,1250,1250,0,0,-6,216,216,0,3,-13
1787449453.163,U',0,1,-,156.9,3286,216,2,3,8,1091,1090,-1,0,-2,3778,3778,0,2,-1,1482,1482,0,0,-1,1250,1250,0,0,-6,215,216,1,3,-13
1787449453.336,U,0,1,-,156.9,214,3285,-1,2,8,1091,1090,-1,0,-2,3778,3778,0,2,-1,1482,1483,1,0,0,1249,1250,1,0,-6,216,216,0,3,-13
1787449453.515,U',0,1,-,156.9,3286,215,1,3,7,1090,1090,0,0,-2,3778,3778,0,2,-1,1482,1482,0,0,-1,1249,1250,1,0,-6,216,216,0,3,-13
1787449453.689,U,0,1,-,156.9,213,3285,0,2,8,1090,1090,0,0,-2,3778,3778,0,2,-1,1482,1482,0,0,-1,1250,1250,0,0,-6,216,216,0,3,-13
1787449453.865,U',0,1,-,156.9,3286,215,1,3,7,1090,1090,0,0,-2,3778,3778,0,2,-1,1482,1483,1,0,0,1249,1250,1,0,-6,215,216,1,3,-13
1787449454.041,U,0,1,-,156.9,213,3285,0,2,8,1090,1090,0,0,-2,3778,3778,0,2,-1,1482,1483,1,0,0,1249,1250,1,0,-6,216,216,0,3,-13
1787449454.217,U',0,1,-,156.9,3285,216,3,3,8,1090,1091,1,0,-1,3778,3778,0,2,-1,1482,1483,1,0,0,1249,1250,1,0,-6,215,216,1,3,-13
1787449454.392,U,0,1,-,156.9,213,3284,-1,2,7,1091,1091,0,0,-1,3778,3778,0,2,-1,1482,1483,1,0,0,1249,1250,1,0,-6,215,216,1,3,-13
1787449454.566,U',0,1,-,156.9,3286,216,2,3,8,1090,1090,0,0,-2,3778,3778,0,2,-1,1482,1483,1,0,0,1250,1250,0,0,-6,216,216,0,3,-13
1787449454.742,U,0,1,-,156.9,214,3285,-1,2,8,1090,1090,0,0,-2,3778,3778,0,2,-1,1482,1483,1,0,0,1249,1250,1,0,-6,215,216,1,3,-13
1787449454.918,U',0,1,-,156.9,3286,216,2,3,8,1090,1090,0,0,-2,3778,3778,0,2,-1,1482,1482,0,0,-1,1250,1250,0,0,-6,216,216,0,3,-13
1787449455.093,U,0,1,-,156.9,213,3285,0,2,8,1090,1091,1,0,-1,3778,3778,0,2,-1,1482,1483,1,0,0,1249,1250,1,0,-6,215,216,1,3,-13
1787449455.267,U',0,1,-,156.9,3286,215,1,3,7,1091,1090,-1,0,-2,3778,3778,0,2,-1,1482,1483,1,0,0,1250,1250,0,0,-6,216,216,0,3,-13
1787449455.443,U,0,1,-,156.9,214,3285,-1,2,8,1090,1091,1,0,-1,3778,3778,0,2,-1,1482,1483,1,0,0,1249,1250,1,0,-6,215,216,1,3,-13
1787449455.619,U',0,1,-,156.9,3286,215,1,3,7,1091,1091,0,0,-1,3778,3778,0,2,-1,1482,1483,1,0,0,1250,1250,0,0,-6,216,216,0,3,-13
1787449455.795,U,0,1,-,156.9,214,3285,-1,2,8,1090,1090,0,0,-2,3778,3778,0,2,-1,1482,1483,1,0,0,1250,1250,0,0,-6,216,216,0,3,-13
1787449455.969,U',0,1,-,156.9,3286,215,1,3,7,1091,1090,-1,0,-2,3778,3778,0,2,-1,1482,1483,1,0,0,1250,1250,0,0,-6,215,216,1,3,-13
1787449456.144,U,0,1,-,156.9,214,3285,-1,2,8,1090,1090,0,0,-2,3778,3778,0,2,-1,1482,1482,0,0,-1,1249,1250,1,0,-6,215,216,1,3,-13
1787449456.319,U',0,1,-,156.9,3285,216,3,3,8,1090,1090,0,0,-2,3778,3778,0,2,-1,1482,1482,0,0,-1,1249,1250,1,0,-6,216,216,0,3,-13
1787449456.495,U,0,1,-,156.9,214,3285,-1,2,8,1091,1090,-1,0,-2,3778,3778,0,2,-1,1482,1483,1,0,0,1250,1250,0,0,-6,215,216,1,3,-13
1787449456.670,U',0,1,-,156.9,3286,215,1,3,7,1090,1091,1,0,-1,3778,3778,0,2,-1,1482,1482,0,0,-1,1250,1250,0,0,-6,216,216,0,3,-13
1787449456.848,U,0,1,-,156.9,214,3285,-1,2,8,1090,1091,1,0,-1,3778,3778,0,2,-1,1482,1482,0,0,-1,1250,1250,0,0,-6,216,216,0,3,-13
1787449457.017,U',0,1,-,156.9,3286,216,2,3,8,1090,1090,0,0,-2,3778,3778,0,2,-1,1482,1482,0,0,-1,1250,1250,0,0,-6,216,216,0,3,-13
1787449457.198,U,0,1,-,156.9,213,3285,0,2,8,1091,1090,-1,0,-2,3778,3778,0,2,-1,1482,1482,0,0,-1,1249,1250,1,0,-6,216,216,0,3,-13
1787449457.373,U',0,1,-,156.9,3286,215,1,3,7,1090,1091,1,0,-1,3778,3778,0,2,-1,1482,1483,1,0,0,1250,1250,0,0,-6,216,216,0,3,-13
1787449457.550,U,0,1,-,156.9,213,3285,0,2,8,1090,1091,1,0,-1,3778,3778,0,2,-1,1482,1482,0,0,-1,1250,1250,0,0,-6,216,216,0,3,-13
1787449457.724,U',0,1,-,156.9,3286,216,2,3,8,1091,1090,-1,0,-2,3778,3778,0,2,-1,1482,1482,0,0,-1,1249,1250,1,0,-6,215,216,1,3,-13
1787449457.900,ALL,0,1,-,156.9,214,3285,-1,2,8,1090,50,-16,3,1,3778,2746,-8,1,0,1482,464,6,3,0,1250,209,-17,3,-6,216,3286,-2,2,-14
1787449458.076,ALL,0,1,-,156.9,3286,2270,8,1,6,52,3144,20,2,-1,2748,1726,2,0,-1,465,3524,-13,2,6,209,3287,6,2,-5,3286,2261,-1,1,-13
1787449458.252,ALL,0,1,-,156.9,2271,1254,7,0,8,3146,2100,-22,1,-2,1728,706,2,3,6,3524,2505,5,1,0,3287,2272,9,1,-5,2263,1235,-4,0,-13
1787449458.428,ALL,0,1,-,156.9,1255,216,-15,3,8,2103,1091,12,0,-1,707,3779,0,2,0,2507,1484,1,0,1,2271,1251,4,0,-5,1235,217,6,3,-12
1787449458.603,ALL,0,1,-,156.9,217,3285,-4,2,8,1093,49,-20,3,0,3780,2746,-10,1,0,1484,463,3,3,-1,1250,209,-17,3,-6,218,3286,-4,2,-14
1787449458.780,ALL,0,1,-,156.9,3286,2270,8,1,6,52,3144,20,2,-1,2748,1727,3,0,0,465,3524,-13,2,6,209,3287,6,2,-5,3286,2261,-1,1,-13
1787449458.954,ALL,0,1,-,156.9,2271,1254,7,0,8,3146,2100,-22,1,-2,1728,706,2,3,6,3524,2505,5,1,0,3287,2272,9,1,-5,2263,1235,-4,0,-13
1787449459.130,ALL,0,1,-,156.9,1256,216,-16,3,8,2103,1091,12,0,-1,707,3779,0,2,0,2506,1484,2,0,1,2272,1251,3,0,-5,1235,216,5,3,-13
1787449459.304,ALL,0,1,-,156.9,217,3285,-4,2,8,1093,49,-20,3,0,3781,2746,-11,1,0,1484,464,4,3,0,1250,209,-17,3,-6,218,3286,-4,2,-14
1787449459.478,ALL,0,1,-,156.9,3286,2270,8,1,6,52,3144,20,2,-1,2747,1727,4,0,0,466,3524,-14,2,6,209,3287,6,2,-5,3286,2262,0,1,-12
1787449459.656,ALL,0,1,-,156.9,2271,1255,8,0,9,3146,2100,-22,1,-2,1729,705,0,3,5,3524,2505,5,1,0,3287,2272,9,1,-5,2262,1235,-3,0,-13
1787449459.829,ALL,0,1,-,156.9,1255,216,-15,3,8,2103,1091,12,0,-1,707,3779,0,2,0,2506,1484,2,0,1,2271,1251,4,0,-5,1235,216,5,3,-13
1787449460.005,ALL,0,1,-,156.9,217,3285,-4,2,8,1093,49,-20,3,0,3781,2746,-11,1,0,1484,464,4,3,0,1250,209,-17,3,-6,218,3286,-4,2,-14
1787449460.183,ALL,0,1,-,156.9,3286,2270,8,1,6,52,3144,20,2,-1,2748,1727,3,0,0,465,3524,-13,2,6,209,3287,6,2,-5,3286,2262,0,1,-12
1787449460.353,ALL,0,1,-,156.9,2272,1255,7,0,9,3146,2100,-22,1,-2,1728,706,2,3,6,3524,2505,5,1,0,3287,2272,9,1,-5,2263,1235,-4,0,-13
1787449460.523,ALL,0,1,-,156.9,1255,216,-15,3,8,2103,1091,12,0,-1,707,3779,0,2,0,2506,1484,2,0,1,2272,1251,3,0,-5,1235,216,5,3,-13
1787449460.708,ALL,0,1,-,156.9,217,3285,-4,2,8,1093,49,-20,3,0,3780,2746,-10,1,0,1484,464,4,3,0,1250,209,-17,3,-6,218,3286,-4,2,-14
1787449460.881,ALL,0,1,-,156.9,3286,2270,8,1,6,52,3144,20,2,-1,2748,1727,3,0,0,465,3524,-13,2,6,209,3287,6,2,-5,3286,2261,-1,1,-13
1787449461.060,ALL,0,1,-,156.9,2271,1255,8,0,9,3146,2100,-22,1,-2,1728,705,1,3,5,3524,2505,5,1,0,3287,2272,9,1,-5,2263,1235,-4,0,-13
1787449461.230,ALL,0,1,-,156.9,1256,216,-16,3,8,2103,1091,12,0,-1,707,3779,0,2,0,2506,1484,2,0,1,2272,1251,3,0,-5,1235,216,5,3,-13
1787449461.454,ROTX,0,1,-,196.9,217,215,-2,3,7,1092,2100,-16,1,-2,3781,3779,-2,2,0,1484,1483,-1,0,0,1251,209,-18,3,-6,218,216,-2,3,-13
1787449461.655,ROTX,0,1,-,196.9,217,215,-2,3,7,2100,3144,20,2,-1,3780,3779,-1,2,0,1483,1483,0,0,0,208,3287,7,2,-5,217,216,-1,3,-13
1787449461.877,ROTX,0,1,-,196.9,216,215,-1,3,7,3143,49,-22,3,0,3780,3779,-1,2,0,1483,1483,0,0,0,3287,2272,9,1,-5,216,216,0,3,-13
1787449462.095,ROTX,0,1,-,196.9,216,216,0,3,8,49,1090,17,0,-2,3780,3779,-1,2,0,1483,1483,0,0,0,2271,1251,4,0,-5,216,216,0,3,-13
1787449462.314,ROTX,0,1,-,196.9,216,215,-1,3,7,1089,2100,-13,1,-2,3780,3779,-1,2,0,1483,1483,0,0,0,1251,209,-18,3,-6,216,216,0,3,-13
1787449462.531,ROTX,0,1,-,196.9,217,216,-1,3,8,2100,3144,20,2,-1,3780,3779,-1,2,0,1483,1483,0,0,0,209,3287,6,2,-5,216,216,0,3,-13
1787449462.745,ROTX,0,1,-,196.9,216,216,0,3,8,3143,49,-22,3,0,3780,3779,-1,2,0,1483,1483,0,0,0,3287,2272,9,1,-5,216,216,0,3,-13
1787449462.961,ROTX,0,1,-,196.9,216,215,-1,3,7,49,1090,17,0,-2,3780,3779,-1,2,0,1483,1483,0,0,0,2272,1251,3,0,-5,216,216,0,3,-13
1787449463.180,ROTX,0,1,-,196.9,216,216,0,3,8,1089,2100,-13,1,-2,3780,3779,-1,2,0,1483,1483,0,0,0,1250,209,-17,3,-6,216,217,1,3,-12
1787449463.392,ROTX,0,1,-,196.9,216,215,-1,3,7,2100,3144,20,2,-1,3780,3779,-1,2,0,1483,1483,0,0,0,209,3287,6,2,-5,216,216,0,3,-13
1787449463.601,ROTX,0,1,-,196.9,216,215,-1,3,7,3143,49,-22,3,0,3780,3779,-1,2,0,1483,1483,0,0,0,3287,2272,9,1,-5,216,216,0,3,-13
1787449463.822,ROTX,0,1,-,196.9,217,215,-2,3,7,49,1090,17,0,-2,3780,3779,-1,2,0,1483,1483,0,0,0,2272,1251,3,0,-5,216,217,1,3,-12
1787449464.038,ROTX,0,1,-,196.9,216,215,-1,3,7,1089,2100,-13,1,-2,3780,3779,-1,2,0,1483,1483,0,0,0,1250,209,-17,3,-6,216,216,0,3,-13
1787449464.249,ROTX,0,1,-,196.9,217,216,-1,3,8,2100,3144,20,2,-1,3780,3779,-1,2,0,1483,1483,0,0,0,209,3287,6,2,-5,216,216,0,3,-13
1787449464.463,ROTX,0,1,-,196.9,216,216,0,3,8,3143,49,-22,3,0,3780,3779,-1,2,0,1483,1483,0,0,0,3287,2271,8,1,-6,216,217,1,3,-12
1787449464.684,ROTX,0,1,-,196.9,217,216,-1,3,8,49,1090,17,0,-2,3780,3779,-1,2,0,1483,1483,0,0,0,2271,1251,4,0,-5,216,217,1,3,-12
1787449464.896,ROTX,0,1,-,196.9,217,216,-1,3,8,1089,2100,-13,1,-2,3780,3779,-1,2,0,1483,1483,0,0,0,1251,209,-18,3,-6,216,216,0,3,-13
1787449465.112,ROTX,0,1,-,196.9,216,215,-1,3,7,2100,3144,20,2,-1,3780,3779,-1,2,0,1483,1483,0,0,0,209,3287,6,2,-5,216,216,0,3,-13
1787449465.331,ROTX,0,1,-,196.9,217,215,-2,3,7,3143,49,-22,3,0,3780,3779,-1,2,0,1483,1483,0,0,0,3287,2271,8,1,-6,216,216,0,3,-13
1787449465.544,ROTX,0,1,-,196.9,216,216,0,3,8,49,1090,17,0,-2,3780,3779,-1,2,0,1483,1483,0,0,0,2272,1250,2,0,-6,216,216,0,3,-13
1787449465.699,U,0,1,-,131.9,216,3285,-3,2,8,1089,1090,1,0,-2,3780,3779,-1,2,0,1483,1483,0,0,0,1251,1251,0,0,-5,216,217,1,3,-12
1787449465.843,U',0,1,-,131.9,3285,215,2,3,7,1090,1090,0,0,-2,3780,3779,-1,2,0,1483,1483,0,0,0,1250,1251,1,0,-5,216,216,0,3,-13
1787449466.001,U,0,1,-,131.9,214,3285,-1,2,8,1090,1090,0,0,-2,3780,3779,-1,2,0,1483,1483,0,0,0,1250,1251,1,0,-5,216,216,0,3,-13
1787449466.146,U',0,1,-,131.9,3285,215,2,3,7,1090,1090,0,0,-2,3780,3779,-1,2,0,1483,1483,0,0,0,1251,1250,-1,0,-6,216,216,0,3,-13
1787449466.302,U,0,1,-,131.9,213,3285,0,2,8,1090,1090,0,0,-2,3780,3779,-1,2,0,1483,1483,0,0,0,1250,1250,0,0,-6,216,217,1,3,-12
1787449466.448,U',0,1,-,131.9,3285,216,3,3,8,1090,1090,0,0,-2,3780,3779,-1,2,0,1483,1483,0,0,0,1250,1250,0,0,-6,216,216,0,3,-13
1787449466.600,U,0,1,-,131.9,214,3285,-1,2,8,1090,1090,0,0,-2,3780,3779,-1,2,0,1483,1483,0,0,0,1250,1250,0,0,-6,216,217,1,3,-12
1787449466.752,U',0,1,-,131.9,3285,215,2,3,7,1090,1090,0,0,-2,3779,3779,0,2,0,1483,1483,0,0,0,1250,1251,1,0,-5,216,216,0,3,-13
1787449466.903,U,0,1,-,131.9,213,3285,0,2,8,1090,1090,0,0,-2,3780,3779,-1,2,0,1483,1483,0,0,0,1250,1250,0,0,-6,216,216,0,3,-13
1787449467.047,U',0,1,-,131.9,3286,215,1,3,7,1090,1090,0,0,-2,3780,3779,-1,2,0,1483,1483,0,0,0,1250,1250,0,0,-6,216,217,1,3,-12
1787449467.203,U,0,1,-,131.9,214,3285,-1,2,8,1090,1090,0,0,-2,3779,3779,0,2,0,1483,1483,0,0,0,1250,1250,0,0,-6,216,216,0,3,-13
1787449467.353,U',0,1,-,131.9,3285,216,3,3,8,1090,1090,0,0,-2,3780,3779,-1,2,0,1483,1483,0,0,0,1250,1251,1,0,-5,216,216,0,3,-13
1787449467.503,U,0,1,-,131.9,214,3285,-1,2,8,1090,1090,0,0,-2,3780,3779,-1,2,0,1483,1483,0,0,0,1250,1251,1,0,-5,216,217,1,3,-12
1787449467.655,U',0,1,-,131.9,3285,216,3,3,8,1090,1090,0,0,-2,3780,3779,-1,2,0,1483,1483,0,0,0,1250,1251,1,0,-5,216,216,0,3,-13
1787449467.804,U,0,1,-,131.9,214,3285,-1,2,8,1090,1090,0,0,-2,3780,3779,-1,2,0,1483,1483,0,0,0,1250,1250,0,0,-6,216,216,0,3,-13
1787449467.955,U',0,1,-,131.9,3285,216,3,3,8,1090,1090,0,0,-2,3780,3779,-1,2,0,1483,1483,0,0,0,1250,1250,0,0,-6,216,217,1,3,-12
1787449468.103,U,0,1,-,131.9,213,3285,0,2,8,1090,1090,0,0,-2,3780,3779,-1,2,0,1483,1483,0,0,0,1250,1250,0,0,-6,216,216,0,3,-13
1787449468.246,U',0,1,-,131.9,3285,216,3,3,8,1090,1090,0,0,-2,3780,3779,-1,2,0,1483,1483,0,0,0,1250,1251,1,0,-5,216,216,0,3,-13
1787449468.406,U,0,1,-,131.9,214,3285,-1,2,8,1090,1090,0,0,-2,3780,3779,-1,2,0,1483,1483,0,0,0,1250,1251,1,0,-5,216,216,0,3,-13
1787449468.553,U',0,1,-,131.9,3285,216,3,3,8,1090,1090,0,0,-2,3780,3779,-1,2,0,1483,1483,0,0,0,1250,1251,1,0,-5,216,216,0,3,-13
1787449468.704,U,0,1,-,131.9,214,3285,-1,2,8,1090,1090,0,0,-2,3780,3779,-1,2,0,1483,1483,0,0,0,1250,1251,1,0,-5,216,217,1,3,-12
1787449468.857,U',0,1,-,131.9,3285,216,3,3,8,1090,1090,0,0,-2,3780,3779,-1,2,0,1483,1483,0,0,0,1250,1250,0,0,-6,216,216,0,3,-13
1787449469.009,U,0,1,-,131.9,214,3285,-1,2,8,1090,1090,0,0,-2,3780,3779,-1,2,0,1483,1483,0,0,0,1250,1251,1,0,-5,216,216,0,3,-13
1787449469.158,U',0,1,-,131.9,3285,215,2,3,7,1090,1090,0,0,-2,3780,3779,-1,2,0,1483,1483,0,0,0,1250,1251,1,0,-5,216,216,0,3,-13
1787449469.308,U,0,1,-,131.9,214,3285,-1,2,8,1090,1090,0,0,-2,3780,3779,-1,2,0,1483,1483,0,0,0,1250,1250,0,0,-6,216,217,1,3,-12
1787449469.459,U',0,1,-,131.9,3286,216,2,3,8,1090,1090,0,0,-2,3780,3779,-1,2,0,1483,1483,0,0,0,1250,1250,0,0,-6,216,216,0,3,-13
1787449469.610,U,0,1,-,131.9,214,3285,-1,2,8,1090,1090,0,0,-2,3780,3779,-1,2,0,1483,1483,0,0,0,1250,1250,0,0,-6,216,216,0,3,-13
1787449469.760,U',0,1,-,131.9,3285,215,2,3,7,1090,1090,0,0,-2,3780,3779,-1,2,0,1483,1483,0,0,0,1250,1251,1,0,-5,216,216,0,3,-13
1787449469.909,U,0,1,-,131.9,214,3285,-1,2,8,1090,1090,0,0,-2,3780,3779,-1,2,0,1483,1483,0,0,0,1250,1251,1,0,-5,216,216,0,3,-13
1787449470.060,U',0,1,-,131.9,3286,216,2,3,8,1090,1090,0,0,-2,3780,3779,-1,2,0,1483,1483,0,0,0,1250,1251,1,0,-5,216,216,0,3,-13
1787449470.212,U,0,1,-,131.9,213,3285,0,2,8,1090,1090,0,0,-2,3779,3779,0,2,0,1483,1483,0,0,0,1250,1251,1,0,-5,216,216,0,3,-13
1787449470.362,U',0,1,-,131.9,3285,216,3,3,8,1090,1090,0,0,-2,3780,3779,-1,2,0,1483,1483,0,0,0,1250,1250,0,0,-6,216,216,0,3,-13
1787449470.508,U,0,1,-,131.9,214,3284,-2,2,7,1090,1090,0,0,-2,3780,3779,-1,2,0,1483,1483,0,0,0,1250,1251,1,0,-5,216,216,0,3,-13
1787449470.659,U',0,1,-,131.9,3285,216,3,3,8,1090,1090,0,0,-2,3780,3779,-1,2,0,1483,1483,0,0,0,1250,1251,1,0,-5,216,216,0,3,-13
1787449470.813,U,0,1,-,131.9,214,3285,-1,2,8,1090,1090,0,0,-2,3780,3779,-1,2,0,1483,1483,0,0,0,1250,1251,1,0,-5,216,216,0,3,-13
1787449470.964,U',0,1,-,131.9,3285,216,3,3,8,1090,1090,0,0,-2,3780,3779,-1,2,0,1483,1483,0,0,0,1250,1251,1,0,-5,216,216,0,3,-13
1787449471.113,U,0,1,-,131.9,214,3285,-1,2,8,1090,1090,0,0,-2,3780,3779,-1,2,0,1483,1483,0,0,0,1250,1250,0,0,-6,216,216,0,3,-13
1787449471.264,U',0,1,-,131.9,3285,216,3,3,8,1090,1090,0,0,-2,3780,3779,-1,2,0,1483,1483,0,0,0,1250,1251,1,0,-5,216,216,0,3,-13
1787449471.406,U,0,1,-,131.9,213,3285,0,2,8,1090,1090,0,0,-2,3780,3779,-1,2,0,1483,1483,0,0,0,1251,1251,0,0,-5,216,216,0,3,-13
1787449471.559,U',0,1,-,131.9,3285,215,2,3,7,1090,1090,0,0,-2,3780,3779,-1,2,0,1483,1483,0,0,0,1250,1251,1,0,-5,216,216,0,3,-13
1787449471.755,ROTX,0,1,-,171.9,214,216,2,3,8,1090,2100,-14,1,-2,3780,3779,-1,2,0,1483,1483,0,0,0,1250,209,-17,3,-6,216,217,1,3,-12
1787449471.940,ROTX,0,1,-,171.9,214,216,2,3,8,2100,3144,20,2,-1,3780,3779,-1,2,0,1483,1483,0,0,0,209,3287,6,2,-5,216,216,0,3,-13
1787449472.133,ROTX,0,1,-,171.9,214,216,2,3,8,3143,49,-22,3,0,3780,3779,-1,2,0,1483,1483,0,0,0,3287,2272,9,1,-5,216,216,0,3,-13
1787449472.321,ROTX,0,1,-,171.9,214,216,2,3,8,49,1090,17,0,-2,3780,3779,-1,2,0,1483,1483,0,0,0,2272,1250,2,0,-6,216,216,0,3,-13
1787449472.510,ROTX,0,1,-,171.9,214,215,1,3,7,1089,2100,-13,1,-2,3780,3779,-1,2,0,1483,1483,0,0,0,1250,209,-17,3,-6,216,216,0,3,-13
1787449472.707,ROTX,0,1,-,171.9,214,216,2,3,8,2100,3144,20,2,-1,3780,3779,-1,2,0,1483,1483,0,0,0,209,3287,6,2,-5,216,216,0,3,-13
1787449472.899,ROTX,0,1,-,171.9,214,216,2,3,8,3143,49,-22,3,0,3780,3779,-1,2,0,1483,1483,0,0,0,3287,2272,9,1,-5,216,216,0,3,-13
1787449473.083,ROTX,0,1,-,171.9,214,215,1,3,7,49,1090,17,0,-2,3780,3779,-1,2,0,1483,1483,0,0,0,2272,1250,2,0,-6,216,216,0,3,-13
1787449473.270,ROTX,0,1,-,171.9,214,216,2,3,8,1089,2100,-13,1,-2,3780,3779,-1,2,0,1483,1483,0,0,0,1250,209,-17,3,-6,216,216,0,3,-13
1787449473.470,ROTX,0,1,-,171.9,214,215,1,3,7,2100,3144,20,2,-1,3780,3779,-1,2,0,1483,1483,0,0,0,209,3287,6,2,-5,216,216,0,3,-13
1787449473.661,ROTX,0,1,-,171.9,214,216,2,3,8,3144,49,-23,3,0,3780,3779,-1,2,0,1483,1483,0,0,0,3287,2272,9,1,-5,216,216,0,3,-13
1787449473.839,ROTX,0,1,-,171.9,214,215,1,3,7,49,1090,17,0,-2,3780,3779,-1,2,0,1483,1483,0,0,0,2272,1251,3,0,-5,216,216,0,3,-13
1787449474.042,ROTX,0,1,-,171.9,215,216,1,3,8,1089,2100,-13,1,-2,3780,3779,-1,2,0,1483,1483,0,0,0,1250,209,-17,3,-6,216,216,0,3,-13
1787449474.228,ROTX,0,1,-,171.9,214,216,2,3,8,2100,3144,20,2,-1,3780,3779,-1,2,0,1483,1483,0,0,0,209,3287,6,2,-5,216,216,0,3,-13
1787449474.422,ROTX,0,1,-,171.9,215,215,0,3,7,3143,49,-22,3,0,3780,3779,-1,2,0,1483,1483,0,0,0,3287,2271,8,1,-6,216,216,0,3,-13
1787449474.613,ROTX,0,1,-,171.9,214,215,1,3,7,49,1090,17,0,-2,3780,3779,-1,2,0,1483,1483,0,0,0,2271,1250,3,0,-6,216,216,0,3,-13
1787449474.802,ROTX,0,1,-,171.9,214,215,1,3,7,1089,2100,-13,1,-2,3779,3779,0,2,0,1483,1483,0,0,0,1250,209,-17,3,-6,216,216,0,3,-13
1787449474.989,ROTX,0,1,-,171.9,214,216,2,3,8,2100,3144,20,2,-1,3780,3779,-1,2,0,1483,1483,0,0,0,209,3287,6,2,-5,216,216,0,3,-13
1787449475.184,ROTX,0,1,-,171.9,214,215,1,3,7,3143,49,-22,3,0,3780,3779,-1,2,0,1483,1483,0,0,0,3287,2272,9,1,-5,216,217,1,3,-12
1787449475.373,ROTX,0,1,-,171.9,214,215,1,3,7,49,1090,17,0,-2,3780,3779,-1,2,0,1483,1483,0,0,0,2272,1251,3,0,-5,216,217,1,3,-12
1787449697.242,U,0,1,-,119.0,215,3286,-1,2,9,1089,1090,1,0,-2,3780,3779,-1,2,0,1483,1483,0,0,0,1250,1251,1,0,-5,216,216,0,3,-13
1787449697.381,U',0,1,-,119.0,3284,217,5,3,9,1089,1090,1,0,-2,3780,3779,-1,2,0,1483,1483,0,0,0,1250,1251,1,0,-5,216,216,0,3,-13
1787449697.517,R,0,1,-,119.0,215,216,1,3,8,1089,48,-17,3,-1,3780,3779,-1,2,0,1483,1483,0,0,0,1251,1251,0,0,-5,216,216,0,3,-13
1787449697.656,R',0,1,-,119.0,216,216,0,3,8,52,1090,14,0,-2,3780,3779,-1,2,0,1483,1483,0,0,0,1250,1250,0,0,-6,216,216,0,3,-13
1787449697.793,F,0,1,-,119.0,216,216,0,3,8,1091,1090,-1,0,-2,3780,2746,-10,1,0,1483,1483,0,0,0,1250,1251,1,0,-5,216,216,0,3,-13
1787449697.930,F',0,1,-,119.0,216,216,0,3,8,1090,1091,1,0,-1,2747,3779,8,2,0,1483,1483,0,0,0,1250,1251,1,0,-5,216,216,0,3,-13
1787449698.067,D,0,1,-,119.0,216,216,0,3,8,1091,1091,0,0,-1,3776,3778,2,2,-1,1483,462,3,3,-2,1250,1251,1,0,-5,216,216,0,3,-13
1787449698.205,D',0,1,-,119.0,216,216,0,3,8,1091,1091,0,0,-1,3776,3778,2,2,-1,463,1481,-6,0,-2,1250,1250,0,0,-6,216,216,0,3,-13
1787449698.343,L,0,1,-,119.0,216,216,0,3,8,1091,1091,0,0,-1,3776,3778,2,2,-1,1479,1483,4,0,0,1250,209,-17,3,-6,216,216,0,3,-13
1787449698.480,L',0,1,-,119.0,216,216,0,3,8,1091,1091,0,0,-1,3776,3778,2,2,-1,1481,1482,1,0,-1,208,1250,18,0,-6,216,216,0,3,-13
1787449698.619,B,0,1,-,119.0,215,216,1,3,8,1091,1091,0,0,-1,3776,3778,2,2,-1,1481,1482,1,0,-1,1250,1249,-1,0,-7,216,3283,-5,2,-17
1787449698.749,B',0,1,-,119.0,216,216,0,3,8,1091,1091,0,0,-1,3776,3778,2,2,-1,1481,1482,1,0,-1,1249,1249,0,0,-7,3285,212,-1,3,-17
1787449698.890,ALL,0,1,-,119.0,216,3285,-3,2,8,1091,48,-19,3,-1,3776,2745,-7,1,-1,1482,461,3,3,-3,1249,209,-16,3,-6,213,3283,-2,2,-17
1787449699.033,ALL,0,1,-,119.0,3284,2270,10,1,6,51,3144,21,2,-1,2746,1727,5,0,0,463,3522,-13,2,4,208,3287,7,2,-5,3285,2260,-1,1,-14
1787449699.168,ALL,0,1,-,119.0,2269,1254,9,0,8,3145,2099,-22,1,-3,1727,705,2,3,5,3522,2503,5,1,-2,3286,2271,9,1,-6,2261,1232,-5,0,-16
1787449699.308,ALL,0,1,-,119.0,1253,216,-13,3,8,2102,1090,12,0,-2,706,3779,1,2,0,2504,1482,2,0,-1,2271,1251,4,0,-5,1233,215,6,3,-14
1787449699.462,U,0,1,-,131.9,216,3285,-3,2,8,1092,1090,-2,0,-2,3779,3778,-1,2,-1,1481,1483,2,0,0,1250,1249,-1,0,-7,215,215,0,3,-14
1787449699.612,U',0,1,-,131.9,3285,216,3,3,8,1091,1090,-1,0,-2,3778,3778,0,2,-1,1482,1482,0,0,-1,1249,1249,0,0,-7,215,215,0,3,-14
1787449699.758,R,0,1,-,131.9,213,216,3,3,8,1091,49,-18,3,0,3778,3778,0,2,-1,1482,1482,0,0,-1,1249,1250,1,0,-6,215,215,0,3,-14
1787449699.914,R',0,1,-,131.9,214,215,1,3,7,52,1090,14,0,-2,3778,3778,0,2,-1,1482,1482,0,0,-1,1250,1250,0,0,-6,215,215,0,3,-14
1787449700.064,F,0,1,-,131.9,214,216,2,3,8,1089,1090,1,0,-2,3778,2746,-8,1,0,1482,1482,0,0,-1,1249,1250,1,0,-6,215,216,1,3,-13
1787449700.203,F',0,1,-,131.9,214,216,2,3,8,1090,1090,0,0,-2,2747,3778,7,2,-1,1482,1482,0,0,-1,1249,1250,1,0,-6,215,215,0,3,-14
1787449700.366,D,0,1,-,131.9,214,215,1,3,7,1090,1090,0,0,-2,3772,3778,6,2,-1,1482,464,6,3,0,1249,1250,1,0,-6,215,215,0,3,-14
1787449700.515,D',0,1,-,131.9,214,215,1,3,7,1090,1090,0,0,-2,3773,3778,5,2,-1,465,1482,-7,0,-1,1249,1250,1,0,-6,215,215,0,3,-14
1787449700.665,L,0,1,-,131.9,215,215,0,3,7,1090,1091,1,0,-1,3773,3778,5,2,-1,1479,1482,3,0,-1,1249,209,-16,3,-6,215,215,0,3,-14
1787449700.815,L',0,1,-,131.9,214,215,1,3,7,1090,1091,1,0,-1,3773,3778,5,2,-1,1479,1482,3,0,-1,209,1248,15,0,-8,215,216,1,3,-13
1787449700.958,B,0,1,-,131.9,214,215,1,3,7,1090,1090,0,0,-2,3773,3777,4,2,-2,1479,1482,3,0,-1,1248,1249,1,0,-7,215,3286,-1,2,-14
1787449701.117,B',0,1,-,131.9,214,215,1,3,7,1090,1090,0,0,-2,3773,3777,4,2,-2,1479,1482,3,0,-1,1248,1249,1,0,-7,3286,213,-1,3,-16
1787449701.270,ALL,0,1,-,131.9,214,3284,-2,2,7,1090,49,-17,3,0,3773,2745,-4,1,-1,1480,464,8,3,0,1249,209,-16,3,-6,214,3286,0,2,-14
1787449701.418,ALL,0,1,-,131.9,3286,2270,8,1,6,52,3144,20,2,-1,2747,1727,4,0,0,465,3524,-13,2,6,209,3287,6,2,-5,3286,2261,-1,1,-13
1787449701.570,ALL,0,1,-,131.9,2271,1254,7,0,8,3146,2100,-22,1,-2,1728,705,1,3,5,3524,2505,5,1,0,3287,2272,9,1,-5,2262,1235,-3,0,-13
1787449701.728,ALL,0,1,-,131.9,1255,216,-15,3,8,2103,1091,12,0,-1,707,3779,0,2,0,2506,1483,1,0,0,2272,1251,3,0,-5,1235,216,5,3,-13
1787449794.711,U,0,0,0,350.0,211,3705,422,2,428,1070,1095,25,0,3,3770,3777,7,2,-2,1482,1484,2,0,1,1262,1261,-1,0,5,190,225,35,3,-4
1787449795.121,U',0,0,0,350.0,207,1172,-59,0,-74,1087,1087,0,0,-5,3776,3776,0,2,-3,1480,1479,-1,0,-4,1249,1250,1,0,-6,222,221,-1,3,-8
1787449795.496,R,0,0,0,350.0,1238,1245,7,0,-1,1087,48,-15,3,-1,3776,3777,1,2,-2,1479,1480,1,0,-3,1251,1251,0,0,-5,217,214,-3,3,-15
1787449795.863,R',0,1,-,350.0,1245,1245,0,0,-1,48,1088,16,0,-4,3776,3776,0,2,-3,1480,1480,0,0,-3,1250,1250,0,0,-6,208,215,7,3,-14
1787449796.232,F,0,1,-,350.0,1245,1245,0,0,-1,1083,1089,6,0,-3,3774,2745,-5,1,-1,1479,1480,1,0,-3,1251,1251,0,0,-5,210,216,6,3,-13
1787449796.600,F',0,1,-,350.0,1245,1245,0,0,-1,1083,1088,5,0,-4,2744,3777,9,2,-2,1480,1480,0,0,-3,1251,1251,0,0,-5,211,219,8,3,-10
1787449796.967,D,0,1,-,350.0,1245,1245,0,0,-1,1083,1088,5,0,-4,3770,3777,7,2,-2,1480,461,5,3,-3,1251,1251,0,0,-5,214,217,3,3,-12
1787449797.337,D',0,1,-,350.0,1244,1245,1,0,-1,1084,1088,4,0,-4,3773,3777,4,2,-2,461,1480,-5,0,-3,1252,1251,-1,0,-5,208,215,7,3,-14
1787449797.787,L,0,0,0,350.0,1245,1249,4,0,3,1084,1089,5,0,-3,3772,3780,8,2,1,1478,1483,5,0,0,1251,849,622,0,-407,210,233,23,3,4
1787449798.154,L',0,1,-,350.0,1246,1246,0,0,0,1088,1088,0,0,-4,3777,3776,-1,2,-3,1481,1481,0,0,-2,1250,2275,1,1,-2,224,220,-4,3,-9
1787449798.521,B,0,1,-,350.0,1246,1245,-1,0,-1,1084,1088,4,0,-4,3771,3776,5,2,-3,1479,1479,0,0,-4,2276,2277,1,1,0,213,3291,6,2,-9
1787449798.890,B',0,1,-,350.0,1246,1246,0,0,0,1083,1088,5,0,-4,3769,3776,7,2,-3,1478,1480,2,0,-3,2277,2277,0,1,0,3290,220,2,3,-9
1787449838.196,U,0,1,-,350.0,1246,204,-18,3,-4,1088,1092,4,0,0,3775,3779,4,2,0,1482,1482,0,0,-1,2278,2279,1,1,2,226,235,9,3,6
1787449838.571,U',0,1,-,350.0,206,1245,15,0,-1,1089,1090,1,0,-2,3778,3778,0,2,-1,1482,1482,0,0,-1,2278,2278,0,1,1,234,234,0,3,5
1787449838.942,R,0,1,-,350.0,1245,1245,0,0,-1,1090,48,-18,3,-1,3778,3778,0,2,-1,1482,1483,1,0,0,2278,2278,0,1,1,234,233,-1,3,4
1787449839.303,R',0,1,-,350.0,1245,1245,0,0,-1,48,1089,17,0,-3,3778,3778,0,2,-1,1483,1483,0,0,0,2278,2278,0,1,1,233,232,-1,3,3
1787449839.679,F,0,1,-,350.0,1245,1245,0,0,-1,1089,1089,0,0,-3,3778,2745,-9,1,-1,1483,1483,0,0,0,2278,2278,0,1,1,232,232,0,3,3
1787449840.040,F',0,1,-,350.0,1245,1245,0,0,-1,1089,1088,-1,0,-4,2745,3778,9,2,-1,1483,1483,0,0,0,2278,2278,0,1,1,233,233,0,3,4
1787449840.413,D,0,1,-,350.0,1245,1245,0,0,-1,1088,1088,0,0,-4,3778,3778,0,2,-1,1483,463,4,3,-1,2278,2278,0,1,1,233,233,0,3,4
1787449840.784,D',0,1,-,350.0,1245,1245,0,0,-1,1088,1088,0,0,-4,3778,3778,0,2,-1,463,1484,-3,0,1,2278,2278,0,1,1,233,232,-1,3,3
1787449841.149,L,0,1,-,350.0,1245,1244,-1,0,-2,1088,1088,0,0,-4,3778,3778,0,2,-1,1484,1484,0,0,1,2278,1257,3,0,1,232,233,1,3,4
1787449841.516,L',0,1,-,350.0,1244,1244,0,0,-2,1088,1087,-1,0,-5,3778,3778,0,2,-1,1484,1483,-1,0,0,1257,2277,-4,1,0,233,233,0,3,4
1787449841.889,B,0,1,-,350.0,1244,1244,0,0,-2,1088,1088,0,0,-4,3778,3778,0,2,-1,1483,1483,0,0,0,2277,2277,0,1,0,232,3306,2,2,6
1787449842.257,B',0,1,-,350.0,1244,1244,0,0,-2,1088,1088,0,0,-4,3778,3778,0,2,-1,1483,1483,0,0,0,2277,2277,0,1,0,3306,235,1,3,6
